{
    "bodies":{
        "sol":{
            "diametro": "1.392.684 km",
            "masa": "1,989×10³⁰ kg",
            "densidad": "1.408 kg/m³",
            "volumen": "1,413×10¹⁸ km³",
            "gravedad": "274 m/s²",
            "temperatura": "5.778 K",
            "periodo_rotacion": "25 días",
            "orbita_tipo": "elíptica",
            "orbita_duracion": "365.25 días. 1 año",
            "posicion_sistema_solar": "0",
            "distancia_tierra": "149.6 millones de km",
            "elementos": "Hidrógeno, Helio"
        },
        "luna":{
            "diametro": "3475 km",
            "masa": "7.34767309 × 10^22 kg",
            "densidad": "3.344 g/cm3",
            "volumen": "2.1958 x 10^10 km3",
            "gravedad": "1.62 m/s2",
            "temperatura": "100°C a -233°C",
            "periodo_rotacion": "24 hs. Rotacion sincrónica con la tierra.",
            "orbita_tipo": "elíptica",
            "orbita_duracion": "27.3 días",
            "posicion_sistema_solar": "Junto a la tierra",
            "distancia_tierra": "384.400 km",
            "elementos": "Oxygeno, Silicio, Magnesio, Calcio, Aluminio, hierro, sodio, potasio"
        },
        "mercurio":{
            "diametro": "4.879 km",
            "masa": "3.285 x 10^23 kg",
            "densidad": "5.427 g/cm^3",
            "volumen": "60.83 x 10^12 km^3",
            "gravedad": "3.7 m/s^2",
            "temperatura": "-173.2°C a 427°C",
            "periodo_rotacion": "58.6 días",
            "orbita_tipo": "elíptica",
            "orbita_duracion": "88 días",
            "posicion_sistema": "1",
            "distancia_tierra": "48 millones de km",
            "elementos": "Hidrógeno, Helio, Oxígeno, Carbono, Nitrógeno, Magnesio, Sílice"
        },
        "tierra":{
            "diametro": "12756 km",
            "masa": "5.972 x 10^24 kg",
            "densidad": "5.51 g/cm3",
            "volumen": "1,083 x 10^12 km3",
            "gravedad": "9,807 m/s2",
            "temperatura": "15°C",
            "periodo_rotacion": "24h",
            "orbita_tipo": "Elíptica",
            "orbita_duracion": "365,26 días",
            "posicion": "3",
            "distancia_tierra": "0",
            "elementos": "Oxígeno, Nitrógeno, Carbono, Calcio, Magnesio, Sodio, Fósforo, Azufre, Cloro, Potasio y Hierro"
        },
        "venus":{
            "diametro": "12.104 km",
            "masa": "4.867e24 kg",
            "densidad": "5.243 g/cm3",
            "volumen": "9.2843e11 km3",
            "gravedad": "8.87 m/s2",
            "temperatura": "462 °C",
            "periodo_rotacion": "243.02 días",
            "orbita_tipo": "elíptica",
            "orbita_duracion": "225 días",
            "posicion_sistema_solar": "4",
            "distancia_tierra": "108,2 millones de km",
            "elementos": "Nitrógeno, Oxígeno, Dióxido de Carbono y algunos metales"
        },
        "marte":{
            "diametro": "6.792 km",
            "masa": "6.4185 x 10^23 kg",
            "densidad": "3.933 g/cm^3",
            "volumen": "16.318 x 10^10 km^3",
            "gravedad": "3.711 m/s^2",
            "temperatura": "-87° C a -5° C",
            "periodo_rotacion": "24 horas 37 minutos 22 segundos",
            "orbita_tipo": "Órbita elíptica",
            "orbita_duracion": "687 días",
            "posicion_sistema_solar": "4",
            "distancia_tierra": "225 millones de km",
            "elementos": "Carbono, oxígeno, nitrógeno, fósforo, hierro, azufre, magnesio, sodio, potasio, calcio, aluminio"
        },
        "jupiter":{
            "diametro": "142.984 km",
            "masa": "1,8986×10^27 kg",
            "densidad": "1,326 g/cm3",
            "volumen": "1,4313×10^15 km3",
            "gravedad": "24,79 m/s2",
            "temperatura": "−108 °C",
            "periodo_rotacion": "9 horas y 55 minutos",
            "orbita_tipo": "Elíptica",
            "orbita_duracion": "11,86 años",
            "posicion_sistema_solar": "5",
            "distancia_tierra": "778,5 millones de kilómetros",
            "elementos": "Hidrógeno e Helio"
        },
        "saturno":{
            "diametro": "120.536 km",
            "masa": "5.68e26 kg",
            "densidad": "0.687 g/cm3",
            "volumen": "8.2713e14 km3",
            "gravedad": "10.44 m/s2",
            "temperatura": "-140 a -210°C",
            "periodo_rotacion": "10h 39m 24s",
            "orbita_tipo": "Elíptica",
            "orbita_duracion": "29 años, 166 días, 14 horas, 48 minutos y 48 segundos",
            "posicion_sistema_solar": "6°",
            "distancia_tierra": "1.400 millones de kilómetros",
            "elementos": "Hidrógeno, Helio y trazas de metales"
        },
        "urano":{
            "diametro": "51.118 km",
            "masa": "8.681 × 10^25 kg",
            "densidad": "1.27 g/cm3",
            "volumen": "6.833 × 10^13 km3",
            "gravedad": "8.87 m/s2",
            "temperatura": "-214 °C",
            "periodo_rotacion": "17 horas 14 minutos",
            "orbita_tipo": "Elíptica",
            "orbita_duracion": "84 años",
            "posicion_solar": "Octava",
            "distancia_tierra": "2.788×10^9 km",
            "elementos": "Hidrógeno, Helio y Metano"
        },
        "neptuno":{
            "diametro": "49,244 km",
            "masa": "1.024 x 1026 kg",
            "densidad": "1,638 g/cm3",
            "volumen_millones_metros_cubicos": "6,254 x 1014 km3",
            "gravedad": "11,15 m/s2",
            "temperatura": "−200 °C",
            "periodo_rotacion": "16 horas",
            "orbita_tipo": "elíptica",
            "orbita_duracion": "164,8 años",
            "posicion_sistema_solar": "8°",
            "distancia_tierra": "4,498 UA",
            "elementos": "hidrógeno, helio, metano"
         },
         "pluton":{
            "diametro": "2.370 km",
            "masa": "1,31 × 10^22 kg",
            "densidad": "1,87 g/cm3",
            "volumen": "6,39×10^9 km³",
            "gravedad": "0,62 m/s^2",
            "temperatura": "–229°C",
            "periodo_rotacion": "6,39 días",
            "orbita_tipo": "Elíptica",
            "orbita_duracion": "248 años",
            "posicion_sistema_solar": "9º",
            "distancia_tierra": "6.170 millones de km",
            "elementos": "Hidrógeno, Helio, Nitrógeno"
       },
       "quiron":{
            "diametro": "33 km",
            "masa": "2.6 x 10^18 kg",
            "densidad": "1.5 g/cm^3",
            "volumen": "3.7 x 10^11 km^3",
            "gravedad": "0.003 m/s^2",
            "temperatura": "170 °C",
            "periodo_rotacion": "5.52 horas",
            "orbita_tipo": "Elíptica",
            "orbita_duracion": "5.9 años",
            "posicion_sistema_solar": "5",
            "distancia_tierra": "3.25 UA",
            "elementos": "Oxygeno, Carbono, Silicio, Magnesio, Hierro, Calcio"
       }
     }
}
